[
	{
		"make": "Volvo",
		"id": "930a2d"
	},
	{
		"make": "Volvo",
		"id": "183b60"
	},
	{
		"make": "Volvo",
		"id": "21f4e8"
	},
	{
		"make": "Volvo",
		"id": "c36078"
	},
	{
		"make": "Volvo",
		"model": "V40",
		"id": "a722f9"
	},
	{
		"make": "Volvo",
		"id": "c12cd8"
	},
	{
		"make": "Volvo",
		"model": "V40",
		"id": "c082c4"
	},
	{
		"make": "Volvo",
		"model": "V40",
		"id": "a06e00"
	},
	{
		"make": "Volvo",
		"model": "V40",
		"id": "4fef28"
	},
	{
		"make": "Volvo",
		"model": "V40",
		"id": "1a749"
	},
	{
		"make": "Volvo",
		"model": "V40",
		"id": "ce9e8c"
	},
	{
		"make": "Volvo",
		"model": "V40",
		"id": "ae0532"
	},
	{
		"make": "Volvo",
		"model": "V40",
		"id": "27915a"
	}
]